{"swagger":"2.0","info":{"title":"Default title","description":"City of Santa Monica","version":"1.0"},"host":"data.smgov.net","basePath":"/resource/xird-2kxi.json","schemes":["https"],"consumes":[],"produces":[],"paths":{"/":{"get":{"responses":{"default":{"description":"default","schema":{"type":"array","items":{"type":"object","properties":{"request_id":{"type":"string","description":"request_id"},"permit_number":{"type":"string","description":"permit_number"},"inspection_scheduled_date":{"type":"string","description":"inspection_scheduled_date"},"estimated_inspection_arrival_time":{"type":"string","description":"estimated_inspection_arrival_time"},"address":{"type":"object","properties":{"latitude":{"type":"string","description":"latitude"},"longitude":{"type":"string","description":"longitude"}},"description":"address"},"inspection_type":{"type":"string","description":"inspection_type"},"description":{"type":"string","description":"description"},"inspector_assigned":{"type":"string","description":"inspector_assigned"},"status":{"type":"string","description":"status"},"valuation":{"type":"string","description":"valuation"},"class_code":{"type":"string","description":"class_code"},"class_code_description":{"type":"string","description":"class_code_description"},"inspection_request_date":{"type":"string","description":"inspection_request_date"},"inspection_request_time":{"type":"string","description":"inspection_request_time"},"permit_issuance_date":{"type":"string","description":"permit_issuance_date"},"permit_expiration_date":{"type":"string","description":"permit_expiration_date"},"last_inspector":{"type":"string","description":"last_inspector"},"permit_type":{"type":"string","description":"permit_type"},"permit_sub_type":{"type":"string","description":"permit_sub_type"},":@computed_region_a96n_jaww":{"type":"string","description":":@computed_region_a96n_jaww"},":@computed_region_28yu_qtqf":{"type":"string","description":":@computed_region_28yu_qtqf"}}}}}},"summary":"List All","description":"Fetches All Requests","operationId":"ListAll","parameters":[{"name":"$limit","in":"query","required":false,"type":"integer","default":1000,"description":"Maximum number of results to return"},{"name":"$offset","in":"query","required":false,"type":"integer","default":0,"description":"Offset count into the results to start at, used for paging"},{"name":"$select","in":"query","required":false,"type":"string","default":"*","description":"The set of columns to be returned, similar to a SELECT in SQL"}],"x-ms-visibility":"advanced"}}},"definitions":{},"parameters":{},"responses":{},"securityDefinitions":{},"security":[],"tags":[]}