<ImportExportXml version="9.2.22063.186" SolutionPackageVersion="9.2" languagecode="1033" generatedBy="CrmLive" xmlns:xsi="http://www.w3.org/2001/XMLSchema-instance">
  <SolutionManifest>
    <UniqueName>BuildingPermitInspection</UniqueName>
    <LocalizedNames>
      <LocalizedName description="Building Permit Inspection" languagecode="1033" />
    </LocalizedNames>
    <Descriptions />
    <Version>1.0.0.1</Version>
    <Managed>0</Managed>
    <Publisher>
      <UniqueName>Microsoft_CSE</UniqueName>
      <LocalizedNames>
        <LocalizedName description="Microsoft CSE" languagecode="1033" />
      </LocalizedNames>
      <Descriptions />
      <EMailAddress xsi:nil="true"></EMailAddress>
      <SupportingWebsiteUrl xsi:nil="true"></SupportingWebsiteUrl>
      <CustomizationPrefix>cse</CustomizationPrefix>
      <CustomizationOptionValuePrefix>77029</CustomizationOptionValuePrefix>
      <Addresses>
        <Address>
          <AddressNumber>1</AddressNumber>
          <AddressTypeCode>1</AddressTypeCode>
          <City xsi:nil="true"></City>
          <County xsi:nil="true"></County>
          <Country xsi:nil="true"></Country>
          <Fax xsi:nil="true"></Fax>
          <FreightTermsCode xsi:nil="true"></FreightTermsCode>
          <ImportSequenceNumber xsi:nil="true"></ImportSequenceNumber>
          <Latitude xsi:nil="true"></Latitude>
          <Line1 xsi:nil="true"></Line1>
          <Line2 xsi:nil="true"></Line2>
          <Line3 xsi:nil="true"></Line3>
          <Longitude xsi:nil="true"></Longitude>
          <Name xsi:nil="true"></Name>
          <PostalCode xsi:nil="true"></PostalCode>
          <PostOfficeBox xsi:nil="true"></PostOfficeBox>
          <PrimaryContactName xsi:nil="true"></PrimaryContactName>
          <ShippingMethodCode>1</ShippingMethodCode>
          <StateOrProvince xsi:nil="true"></StateOrProvince>
          <Telephone1 xsi:nil="true"></Telephone1>
          <Telephone2 xsi:nil="true"></Telephone2>
          <Telephone3 xsi:nil="true"></Telephone3>
          <TimeZoneRuleVersionNumber xsi:nil="true"></TimeZoneRuleVersionNumber>
          <UPSZone xsi:nil="true"></UPSZone>
          <UTCOffset xsi:nil="true"></UTCOffset>
          <UTCConversionTimeZoneCode xsi:nil="true"></UTCConversionTimeZoneCode>
        </Address>
        <Address>
          <AddressNumber>2</AddressNumber>
          <AddressTypeCode>1</AddressTypeCode>
          <City xsi:nil="true"></City>
          <County xsi:nil="true"></County>
          <Country xsi:nil="true"></Country>
          <Fax xsi:nil="true"></Fax>
          <FreightTermsCode xsi:nil="true"></FreightTermsCode>
          <ImportSequenceNumber xsi:nil="true"></ImportSequenceNumber>
          <Latitude xsi:nil="true"></Latitude>
          <Line1 xsi:nil="true"></Line1>
          <Line2 xsi:nil="true"></Line2>
          <Line3 xsi:nil="true"></Line3>
          <Longitude xsi:nil="true"></Longitude>
          <Name xsi:nil="true"></Name>
          <PostalCode xsi:nil="true"></PostalCode>
          <PostOfficeBox xsi:nil="true"></PostOfficeBox>
          <PrimaryContactName xsi:nil="true"></PrimaryContactName>
          <ShippingMethodCode>1</ShippingMethodCode>
          <StateOrProvince xsi:nil="true"></StateOrProvince>
          <Telephone1 xsi:nil="true"></Telephone1>
          <Telephone2 xsi:nil="true"></Telephone2>
          <Telephone3 xsi:nil="true"></Telephone3>
          <TimeZoneRuleVersionNumber xsi:nil="true"></TimeZoneRuleVersionNumber>
          <UPSZone xsi:nil="true"></UPSZone>
          <UTCOffset xsi:nil="true"></UTCOffset>
          <UTCConversionTimeZoneCode xsi:nil="true"></UTCConversionTimeZoneCode>
        </Address>
      </Addresses>
    </Publisher>
    <RootComponents>
      <RootComponent type="1" schemaName="msdyn_workorder" behavior="1" />
      <RootComponent type="29" id="{14716af3-4408-ed11-82e5-6045bd8b9429}" behavior="0" />
      <RootComponent type="372" id="{030194f8-8984-4fba-9bc1-c4ed1c36039a}" schemaName="cse_5Fsanta-20monica-20open-20data" behavior="0" />
    </RootComponents>
    <MissingDependencies>
      <MissingDependency>
        <Required type="1" schemaName="msdyn_workorder" displayName="Work Order" solution="FieldService (8.8.0.88)" />
        <Dependent type="1" schemaName="msdyn_workorder" displayName="Work Order" />
      </MissingDependency>
      <MissingDependency>
        <Required type="1" schemaName="msdyn_workorder" displayName="Work Order" solution="FieldService (8.8.0.88)" />
        <Dependent type="10" schemaName="msdyn_pricelevel_msdyn_workorder_PriceList" displayName="msdyn_pricelevel_msdyn_workorder_PriceList" parentSchemaName="pricelevel" parentDisplayName="Price List" />
      </MissingDependency>
      <MissingDependency>
        <Required type="1" schemaName="msdyn_workorder" displayName="Work Order" solution="FieldService (8.8.0.88)" />
        <Dependent type="29" displayName="Load Data" id="{14716af3-4408-ed11-82e5-6045bd8b9429}" />
      </MissingDependency>
      <MissingDependency>
        <Required type="1" schemaName="pricelevel" displayName="Price List" solution="msdynce_ProductManagement (9.0.4.0066)" />
        <Dependent type="10" schemaName="msdyn_pricelevel_msdyn_workorder_PriceList" displayName="msdyn_pricelevel_msdyn_workorder_PriceList" parentSchemaName="pricelevel" parentDisplayName="Price List" />
      </MissingDependency>
      <MissingDependency>
        <Required type="10" schemaName="msdyn_pricelevel_msdyn_workorder_PriceList" displayName="msdyn_pricelevel_msdyn_workorder_PriceList" parentSchemaName="pricelevel" parentDisplayName="Price List" solution="FieldService (8.8.0.88)" />
        <Dependent type="10" schemaName="msdyn_pricelevel_msdyn_workorder_PriceList" displayName="msdyn_pricelevel_msdyn_workorder_PriceList" parentSchemaName="pricelevel" parentDisplayName="Price List" />
      </MissingDependency>
      <MissingDependency>
        <Required type="2" schemaName="msdyn_pricelist" displayName="Price List" parentSchemaName="msdyn_workorder" parentDisplayName="Work Order" solution="FieldService (8.8.0.88)" />
        <Dependent type="2" schemaName="msdyn_pricelist" displayName="Price List" parentSchemaName="msdyn_workorder" parentDisplayName="Work Order" />
      </MissingDependency>
      <MissingDependency>
        <Required type="2" schemaName="name" displayName="Name" parentSchemaName="pricelevel" parentDisplayName="Price List" solution="msdynce_ProductManagement (9.0.4.0066)" />
        <Dependent type="10" schemaName="msdyn_pricelevel_msdyn_workorder_PriceList" displayName="msdyn_pricelevel_msdyn_workorder_PriceList" parentSchemaName="pricelevel" parentDisplayName="Price List" />
      </MissingDependency>
      <MissingDependency>
        <Required type="2" schemaName="pricelevelid" displayName="Price List" parentSchemaName="pricelevel" parentDisplayName="Price List" solution="msdynce_ProductManagement (9.0.4.0066)" />
        <Dependent type="10" schemaName="msdyn_pricelevel_msdyn_workorder_PriceList" displayName="msdyn_pricelevel_msdyn_workorder_PriceList" parentSchemaName="pricelevel" parentDisplayName="Price List" />
      </MissingDependency>
    </MissingDependencies>
  </SolutionManifest>
</ImportExportXml>