{
  "properties": {
    "connectionReferences": {
      "shared_commondataserviceforapps": {
        "runtimeSource": "embedded",
        "connection": {
          "connectionReferenceLogicalName": "cse_sharedcommondataserviceforapps_0ff55"
        },
        "api": {
          "name": "shared_commondataserviceforapps"
        }
      },
      "shared_cse-5fsanta-20monica-20open-20data-5f6fb75b48a756122b": {
        "runtimeSource": "invoker",
        "connection": {
          "connectionReferenceLogicalName": "cse_sharedcse5fsanta20monica20open20data5f6fb75b48a756122b_c4f35"
        },
        "api": {
          "name": "shared_cse-5fsanta-20monica-20open-20data-5f6fb75b48a756122b",
          "logicalName": "cse_5Fsanta-20monica-20open-20data"
        }
      }
    },
    "definition": {
      "$schema": "https://schema.management.azure.com/providers/Microsoft.Logic/schemas/2016-06-01/workflowdefinition.json#",
      "contentVersion": "1.0.0.0",
      "parameters": {
        "$connections": {
          "defaultValue": {},
          "type": "Object"
        },
        "$authentication": {
          "defaultValue": {},
          "type": "SecureObject"
        }
      },
      "triggers": {
        "manual": {
          "metadata": {
            "operationMetadataId": "92b1533d-7a32-4ea7-b907-58f4781626da"
          },
          "type": "Request",
          "kind": "Button",
          "inputs": {
            "schema": {
              "type": "object",
              "properties": {},
              "required": []
            }
          }
        }
      },
      "actions": {
        "Initialize_Page": {
          "runAfter": {
            "Initialize_Limit": [
              "Succeeded"
            ]
          },
          "metadata": {
            "operationMetadataId": "52f3be72-dc71-4df9-8e42-9bad7c7518b8"
          },
          "type": "InitializeVariable",
          "inputs": {
            "variables": [
              {
                "name": "Page",
                "type": "integer",
                "value": 0
              }
            ]
          }
        },
        "Do_until_no_more_results": {
          "actions": {
            "Condition": {
              "actions": {
                "Set_Page_to_stop_fetching_next_page": {
                  "runAfter": {},
                  "metadata": {
                    "operationMetadataId": "2c0b3809-a3e6-4721-a6a2-dd825f0e6ffb"
                  },
                  "type": "SetVariable",
                  "inputs": {
                    "name": "Page",
                    "value": -1
                  }
                }
              },
              "runAfter": {
                "Increment_Page": [
                  "Succeeded"
                ]
              },
              "else": {
                "actions": {
                  "For_each_result": {
                    "foreach": "@body('Fetch_Requests')",
                    "actions": {
                      "Ensure_Service_Account_can_be_found_by_geo": {
                        "actions": {
                          "Fetch_Service_Account": {
                            "runAfter": {},
                            "metadata": {
                              "operationMetadataId": "67a27977-0ceb-4b0b-97b5-903f562fb9cb"
                            },
                            "type": "OpenApiConnection",
                            "inputs": {
                              "host": {
                                "connectionName": "shared_commondataserviceforapps",
                                "operationId": "ListRecords",
                                "apiId": "/providers/Microsoft.PowerApps/apis/shared_commondataserviceforapps"
                              },
                              "parameters": {
                                "entityName": "accounts",
                                "$select": "accountid",
                                "$filter": "address1_latitude eq @{formatNumber(float(items('For_each_result')?['address/latitude']),'0.00000')}  and address1_longitude eq @{formatNumber(float(items('For_each_result')?['address/longitude']),'0.00000')}",
                                "$top": 1
                              },
                              "authentication": {
                                "type": "Raw",
                                "value": "@json(decodeBase64(triggerOutputs().headers['X-MS-APIM-Tokens']))['$ConnectionKey']"
                              }
                            }
                          },
                          "Ensure_Service_Account_exists": {
                            "actions": {
                              "Fetch_Work_order": {
                                "runAfter": {},
                                "metadata": {
                                  "operationMetadataId": "768c12de-5d07-449a-a398-c851714027e7"
                                },
                                "type": "OpenApiConnection",
                                "inputs": {
                                  "host": {
                                    "connectionName": "shared_commondataserviceforapps",
                                    "operationId": "ListRecords",
                                    "apiId": "/providers/Microsoft.PowerApps/apis/shared_commondataserviceforapps"
                                  },
                                  "parameters": {
                                    "entityName": "msdyn_workorders",
                                    "$select": "msdyn_workorderid",
                                    "$filter": "msdyn_name eq '@{items('For_each_result')['request_id']}'",
                                    "$top": 1
                                  },
                                  "authentication": {
                                    "type": "Raw",
                                    "value": "@json(decodeBase64(triggerOutputs().headers['X-MS-APIM-Tokens']))['$ConnectionKey']"
                                  }
                                }
                              },
                              "Ensure_Work_order_exists": {
                                "actions": {},
                                "runAfter": {
                                  "Fetch_Work_order": [
                                    "Succeeded"
                                  ]
                                },
                                "else": {
                                  "actions": {
                                    "Add_Work_order": {
                                      "runAfter": {},
                                      "metadata": {
                                        "operationMetadataId": "6f6ccff0-ab65-47ae-a06a-92b7f7ec4cbb"
                                      },
                                      "type": "OpenApiConnection",
                                      "inputs": {
                                        "host": {
                                          "connectionName": "shared_commondataserviceforapps",
                                          "operationId": "CreateRecord",
                                          "apiId": "/providers/Microsoft.PowerApps/apis/shared_commondataserviceforapps"
                                        },
                                        "parameters": {
                                          "entityName": "msdyn_workorders",
                                          "item/msdyn_serviceaccount@odata.bind": "/accounts(@{body('Fetch_Service_Account')['value'][0]['accountid']})",
                                          "item/msdyn_systemstatus": 690970004,
                                          "item/msdyn_taxable": false,
                                          "item/msdyn_name": "@item()?['request_id']",
                                          "item/msdyn_workordertype@odata.bind": "/msdyn_workordertypes(ad2d8b0a-2fe7-e611-8110-e0071b66bf01)"
                                        },
                                        "authentication": {
                                          "type": "Raw",
                                          "value": "@json(decodeBase64(triggerOutputs().headers['X-MS-APIM-Tokens']))['$ConnectionKey']"
                                        }
                                      }
                                    }
                                  }
                                },
                                "expression": {
                                  "equals": [
                                    "@length(body('Fetch_Work_order')['value'])",
                                    1
                                  ]
                                },
                                "metadata": {
                                  "operationMetadataId": "dd36bb52-8999-4c40-ab6e-07c85cc10123"
                                },
                                "type": "If"
                              }
                            },
                            "runAfter": {
                              "Fetch_Service_Account": [
                                "Succeeded"
                              ]
                            },
                            "expression": {
                              "equals": [
                                "@length(body('Fetch_Service_Account')?['value'])",
                                1
                              ]
                            },
                            "metadata": {
                              "operationMetadataId": "607fd47f-318c-4ce9-89f9-f7c2a7bdd4a8"
                            },
                            "type": "If"
                          }
                        },
                        "runAfter": {},
                        "expression": {
                          "and": [
                            {
                              "not": {
                                "equals": [
                                  "@item()?['address/latitude']",
                                  "@null"
                                ]
                              }
                            },
                            {
                              "not": {
                                "equals": [
                                  "@item()?['address/longitude']",
                                  "@null"
                                ]
                              }
                            }
                          ]
                        },
                        "metadata": {
                          "operationMetadataId": "07204cb4-add6-4414-a05f-047d0e51a4f3"
                        },
                        "type": "If"
                      }
                    },
                    "runAfter": {},
                    "metadata": {
                      "operationMetadataId": "08b4b7bf-bb8a-4e1d-b08f-d79fe64a88c8"
                    },
                    "type": "Foreach",
                    "runtimeConfiguration": {
                      "concurrency": {
                        "repetitions": 20
                      }
                    }
                  }
                }
              },
              "expression": {
                "equals": [
                  "@length(body('Fetch_Requests'))",
                  0
                ]
              },
              "metadata": {
                "operationMetadataId": "9a54fdba-e7f5-40db-8daa-e4083549072e"
              },
              "type": "If"
            },
            "Increment_Page": {
              "runAfter": {
                "Fetch_Requests": [
                  "Succeeded"
                ]
              },
              "metadata": {
                "operationMetadataId": "6f0c7fcf-dbdc-4715-83fa-581709964e06"
              },
              "type": "IncrementVariable",
              "inputs": {
                "name": "Page",
                "value": 1
              }
            },
            "Fetch_Requests": {
              "runAfter": {},
              "metadata": {
                "operationMetadataId": "1c35231a-32c3-421d-ab98-6b272b612591"
              },
              "type": "OpenApiConnection",
              "inputs": {
                "host": {
                  "connectionName": "shared_cse-5fsanta-20monica-20open-20data-5f6fb75b48a756122b",
                  "operationId": "ListAll",
                  "apiId": "/providers/Microsoft.PowerApps/apis/shared_cse-5fsanta-20monica-20open-20data-5f6fb75b48a756122b"
                },
                "parameters": {
                  "$limit": "@variables('Limit')",
                  "$offset": "@int(mul(variables('Limit'), variables('Page')))"
                },
                "authentication": {
                  "type": "Raw",
                  "value": "@json(decodeBase64(triggerOutputs().headers['X-MS-APIM-Tokens']))['$ConnectionKey']"
                },
                "retryPolicy": {
                  "type": "none"
                }
              }
            }
          },
          "runAfter": {
            "Initialize_Page": [
              "Succeeded"
            ]
          },
          "expression": "@equals(variables('Page'), -1)",
          "limit": {
            "count": 60,
            "timeout": "PT1H"
          },
          "metadata": {
            "operationMetadataId": "e038d1f0-3e55-4644-a55d-0145e7b0e999"
          },
          "type": "Until"
        },
        "Initialize_Limit": {
          "runAfter": {},
          "metadata": {
            "operationMetadataId": "bf40917a-8aee-4bc6-b718-3198e6c09e42"
          },
          "type": "InitializeVariable",
          "inputs": {
            "variables": [
              {
                "name": "Limit",
                "type": "integer",
                "value": 1000
              }
            ]
          }
        }
      }
    }
  },
  "schemaVersion": "1.0.0.0"
}